gamma,info,pi,A,Aactive,B,session,eSubj,bad,trust,honor,triad_id
1,0,0.05,1,2,0,3,308,1,0,NA,3011
1,0,0.05,2,2,0,3,318,1,0,NA,3011
1,0,0.05,0,2,1,3,304,1,0,NA,3011
1,0,0.05,1,2,0,3,312,1,1,1,3012
1,0,0.05,2,2,0,3,306,1,1,1,3012
1,0,0.05,0,2,1,3,309,1,1,1,3012
1,0,0.05,1,1,0,3,315,1,1,1,3013
1,0,0.05,2,1,0,3,320,1,1,1,3013
1,0,0.05,0,1,1,3,316,1,1,1,3013
1,0,0.05,1,2,0,3,313,1,0,NA,3014
1,0,0.05,2,2,0,3,302,1,0,NA,3014
1,0,0.05,0,2,1,3,305,1,0,NA,3014
1,0,0.05,1,1,0,3,301,1,0,NA,3015
1,0,0.05,2,1,0,3,319,1,0,NA,3015
1,0,0.05,0,1,1,3,321,1,0,NA,3015
1,0,0.05,1,2,0,3,307,1,0,NA,3016
1,0,0.05,2,2,0,3,314,1,0,NA,3016
1,0,0.05,0,2,1,3,310,1,0,NA,3016
1,0,0.05,1,1,0,3,317,0,0,NA,3017
1,0,0.05,2,1,0,3,303,0,0,NA,3017
1,0,0.05,0,1,1,3,311,0,0,NA,3017
1,0,0.05,1,2,0,3,321,1,0,NA,3021
1,0,0.05,2,2,0,3,317,1,0,NA,3021
1,0,0.05,0,2,1,3,318,1,0,NA,3021
1,0,0.05,1,1,0,3,316,1,1,0,3022
1,0,0.05,2,1,0,3,313,1,1,0,3022
1,0,0.05,0,1,1,3,320,1,1,0,3022
1,0,0.05,1,1,0,3,305,1,1,0,3023
1,0,0.05,2,1,0,3,307,1,1,0,3023
1,0,0.05,0,1,1,3,302,1,1,0,3023
1,0,0.05,1,1,0,3,310,1,1,0,3024
1,0,0.05,2,1,0,3,308,1,1,0,3024
1,0,0.05,0,1,1,3,303,1,1,0,3024
1,0,0.05,1,2,0,3,304,1,1,1,3025
1,0,0.05,2,2,0,3,301,1,1,1,3025
1,0,0.05,0,2,1,3,306,1,1,1,3025
1,0,0.05,1,2,0,3,311,0,0,NA,3026
1,0,0.05,2,2,0,3,312,0,0,NA,3026
1,0,0.05,0,2,1,3,314,0,0,NA,3026
1,0,0.05,1,1,0,3,309,0,1,1,3027
1,0,0.05,2,1,0,3,315,0,1,1,3027
1,0,0.05,0,1,1,3,319,0,1,1,3027
1,0,0.05,1,2,0,3,319,1,0,NA,3031
1,0,0.05,2,2,0,3,305,1,0,NA,3031
1,0,0.05,0,2,1,3,315,1,0,NA,3031
1,0,0.05,1,1,0,3,302,1,0,NA,3032
1,0,0.05,2,1,0,3,309,1,0,NA,3032
1,0,0.05,0,1,1,3,301,1,0,NA,3032
1,0,0.05,1,1,0,3,318,1,1,0,3033
1,0,0.05,2,1,0,3,310,1,1,0,3033
1,0,0.05,0,1,1,3,317,1,1,0,3033
1,0,0.05,1,2,0,3,303,1,1,0,3034
1,0,0.05,2,2,0,3,311,1,1,0,3034
1,0,0.05,0,2,1,3,312,1,1,0,3034
1,0,0.05,1,1,0,3,314,1,0,NA,3035
1,0,0.05,2,1,0,3,316,1,0,NA,3035
1,0,0.05,0,1,1,3,308,1,0,NA,3035
1,0,0.05,1,1,0,3,320,1,1,0,3036
1,0,0.05,2,1,0,3,321,1,1,0,3036
1,0,0.05,0,1,1,3,307,1,1,0,3036
1,0,0.05,1,1,0,3,306,1,1,1,3037
1,0,0.05,2,1,0,3,304,1,1,1,3037
1,0,0.05,0,1,1,3,313,1,1,1,3037
1,0,0.05,1,1,0,3,312,1,1,1,3041
1,0,0.05,2,1,0,3,318,1,1,1,3041
1,0,0.05,0,1,1,3,316,1,1,1,3041
1,0,0.05,1,2,0,3,315,1,0,NA,3042
1,0,0.05,2,2,0,3,302,1,0,NA,3042
1,0,0.05,0,2,1,3,321,1,0,NA,3042
1,0,0.05,1,1,0,3,307,1,0,NA,3043
1,0,0.05,2,1,0,3,303,1,0,NA,3043
1,0,0.05,0,1,1,3,311,1,0,NA,3043
1,0,0.05,1,2,0,3,308,1,0,NA,3044
1,0,0.05,2,2,0,3,319,1,0,NA,3044
1,0,0.05,0,2,1,3,304,1,0,NA,3044
1,0,0.05,1,2,0,3,317,1,1,1,3045
1,0,0.05,2,2,0,3,320,1,1,1,3045
1,0,0.05,0,2,1,3,310,1,1,1,3045
1,0,0.05,1,1,0,3,313,1,1,0,3046
1,0,0.05,2,1,0,3,314,1,1,0,3046
1,0,0.05,0,1,1,3,309,1,1,0,3046
1,0,0.05,1,1,0,3,301,0,1,1,3047
1,0,0.05,2,1,0,3,306,0,1,1,3047
1,0,0.05,0,1,1,3,305,0,1,1,3047
1,0,0.05,1,1,0,3,304,1,1,0,3051
1,0,0.05,2,1,0,3,308,1,1,0,3051
1,0,0.05,0,1,1,3,314,1,1,0,3051
1,0,0.05,1,1,0,3,321,1,1,0,3052
1,0,0.05,2,1,0,3,301,1,1,0,3052
1,0,0.05,0,1,1,3,319,1,1,0,3052
1,0,0.05,1,2,0,3,310,1,0,NA,3053
1,0,0.05,2,2,0,3,307,1,0,NA,3053
1,0,0.05,0,2,1,3,303,1,0,NA,3053
1,0,0.05,1,1,0,3,305,1,1,1,3054
1,0,0.05,2,1,0,3,317,1,1,1,3054
1,0,0.05,0,1,1,3,318,1,1,1,3054
1,0,0.05,1,1,0,3,309,1,1,1,3055
1,0,0.05,2,1,0,3,313,1,1,1,3055
1,0,0.05,0,1,1,3,302,1,1,1,3055
1,0,0.05,1,2,0,3,311,1,1,1,3056
1,0,0.05,2,2,0,3,312,1,1,1,3056
1,0,0.05,0,2,1,3,320,1,1,1,3056
1,0,0.05,1,2,0,3,316,1,1,1,3057
1,0,0.05,2,2,0,3,315,1,1,1,3057
1,0,0.05,0,2,1,3,306,1,1,1,3057
1,0,0.05,1,1,0,3,302,1,0,NA,3061
1,0,0.05,2,1,0,3,321,1,0,NA,3061
1,0,0.05,0,1,1,3,312,1,0,NA,3061
1,0,0.05,1,2,0,3,303,1,1,1,3062
1,0,0.05,2,2,0,3,304,1,1,1,3062
1,0,0.05,0,2,1,3,308,1,1,1,3062
1,0,0.05,1,1,0,3,306,1,1,0,3063
1,0,0.05,2,1,0,3,309,1,1,0,3063
1,0,0.05,0,1,1,3,301,1,1,0,3063
1,0,0.05,1,1,0,3,314,1,0,NA,3064
1,0,0.05,2,1,0,3,310,1,0,NA,3064
1,0,0.05,0,1,1,3,315,1,0,NA,3064
1,0,0.05,1,1,0,3,318,1,1,0,3065
1,0,0.05,2,1,0,3,311,1,1,0,3065
1,0,0.05,0,1,1,3,317,1,1,0,3065
1,0,0.05,1,2,0,3,319,1,1,1,3066
1,0,0.05,2,2,0,3,316,1,1,1,3066
1,0,0.05,0,2,1,3,313,1,1,1,3066
1,0,0.05,1,2,0,3,320,1,1,0,3067
1,0,0.05,2,2,0,3,305,1,1,0,3067
1,0,0.05,0,2,1,3,307,1,1,0,3067
2,1,0.05,1,2,0,3,307,1,1,1,3071
2,1,0.05,2,2,0,3,320,1,1,1,3071
2,1,0.05,0,2,1,3,305,1,1,1,3071
2,1,0.05,1,2,0,3,313,1,1,1,3072
2,1,0.05,2,2,0,3,303,1,1,1,3072
2,1,0.05,0,2,1,3,311,1,1,1,3072
2,1,0.05,1,1,0,3,301,1,0,NA,3073
2,1,0.05,2,1,0,3,306,1,0,NA,3073
2,1,0.05,0,1,1,3,316,1,0,NA,3073
2,1,0.05,1,2,0,3,317,1,0,NA,3074
2,1,0.05,2,2,0,3,319,1,0,NA,3074
2,1,0.05,0,2,1,3,309,1,0,NA,3074
2,1,0.05,1,1,0,3,312,1,1,1,3075
2,1,0.05,2,1,0,3,314,1,1,1,3075
2,1,0.05,0,1,1,3,304,1,1,1,3075
2,1,0.05,1,1,0,3,308,1,0,NA,3076
2,1,0.05,2,1,0,3,302,1,0,NA,3076
2,1,0.05,0,1,1,3,321,1,0,NA,3076
2,1,0.05,1,2,0,3,315,1,1,1,3077
2,1,0.05,2,2,0,3,318,1,1,1,3077
2,1,0.05,0,2,1,3,310,1,1,1,3077
2,1,0.05,1,2,0,3,311,1,1,1,3081
2,1,0.05,2,2,0,3,307,1,1,1,3081
2,1,0.05,0,2,1,3,303,1,1,1,3081
2,1,0.05,1,1,0,3,309,1,1,1,3082
2,1,0.05,2,1,0,3,312,1,1,1,3082
2,1,0.05,0,1,1,3,320,1,1,1,3082
2,1,0.05,1,2,0,3,305,1,1,1,3083
2,1,0.05,2,2,0,3,315,1,1,1,3083
2,1,0.05,0,2,1,3,302,1,1,1,3083
2,1,0.05,1,1,0,3,304,1,1,1,3084
2,1,0.05,2,1,0,3,313,1,1,1,3084
2,1,0.05,0,1,1,3,314,1,1,1,3084
2,1,0.05,1,1,0,3,321,1,1,1,3085
2,1,0.05,2,1,0,3,301,1,1,1,3085
2,1,0.05,0,1,1,3,306,1,1,1,3085
2,1,0.05,1,2,0,3,316,0,0,NA,3086
2,1,0.05,2,2,0,3,308,0,0,NA,3086
2,1,0.05,0,2,1,3,318,0,0,NA,3086
2,1,0.05,1,1,0,3,310,0,1,1,3087
2,1,0.05,2,1,0,3,317,0,1,1,3087
2,1,0.05,0,1,1,3,319,0,1,1,3087
2,1,0.05,1,2,0,3,303,1,1,0,3091
2,1,0.05,2,2,0,3,310,1,1,0,3091
2,1,0.05,0,2,1,3,301,1,1,0,3091
2,1,0.05,1,2,0,3,314,1,1,1,3092
2,1,0.05,2,2,0,3,311,1,1,1,3092
2,1,0.05,0,2,1,3,317,1,1,1,3092
2,1,0.05,1,1,0,3,318,1,1,1,3093
2,1,0.05,2,1,0,3,309,1,1,1,3093
2,1,0.05,0,1,1,3,313,1,1,1,3093
2,1,0.05,1,1,0,3,319,1,0,NA,3094
2,1,0.05,2,1,0,3,316,1,0,NA,3094
2,1,0.05,0,1,1,3,308,1,0,NA,3094
2,1,0.05,1,2,0,3,320,1,1,1,3095
2,1,0.05,2,2,0,3,304,1,1,1,3095
2,1,0.05,0,2,1,3,312,1,1,1,3095
2,1,0.05,1,1,0,3,306,1,1,1,3096
2,1,0.05,2,1,0,3,321,1,1,1,3096
2,1,0.05,0,1,1,3,315,1,1,1,3096
2,1,0.05,1,2,0,3,302,1,1,1,3097
2,1,0.05,2,2,0,3,305,1,1,1,3097
2,1,0.05,0,2,1,3,307,1,1,1,3097
2,1,0.05,1,1,0,3,308,1,1,1,3101
2,1,0.05,2,1,0,3,306,1,1,1,3101
2,1,0.05,0,1,1,3,304,1,1,1,3101
2,1,0.05,1,2,0,3,307,1,0,NA,3102
2,1,0.05,2,2,0,3,319,1,0,NA,3102
2,1,0.05,0,2,1,3,311,1,0,NA,3102
2,1,0.05,1,1,0,3,315,1,1,1,3103
2,1,0.05,2,1,0,3,302,1,1,1,3103
2,1,0.05,0,1,1,3,310,1,1,1,3103
2,1,0.05,1,2,0,3,312,1,1,1,3104
2,1,0.05,2,2,0,3,318,1,1,1,3104
2,1,0.05,0,2,1,3,305,1,1,1,3104
2,1,0.05,1,2,0,3,313,1,1,1,3105
2,1,0.05,2,2,0,3,303,1,1,1,3105
2,1,0.05,0,2,1,3,309,1,1,1,3105
2,1,0.05,1,1,0,3,317,1,0,NA,3106
2,1,0.05,2,1,0,3,314,1,0,NA,3106
2,1,0.05,0,1,1,3,321,1,0,NA,3106
2,1,0.05,1,1,0,3,301,1,0,NA,3107
2,1,0.05,2,1,0,3,320,1,0,NA,3107
2,1,0.05,0,1,1,3,316,1,0,NA,3107
2,1,0.05,1,2,0,3,304,1,1,1,3111
2,1,0.05,2,2,0,3,313,1,1,1,3111
2,1,0.05,0,2,1,3,320,1,1,1,3111
2,1,0.05,1,1,0,3,310,1,1,1,3112
2,1,0.05,2,1,0,3,308,1,1,1,3112
2,1,0.05,0,1,1,3,306,1,1,1,3112
2,1,0.05,1,1,0,3,311,1,0,NA,3113
2,1,0.05,2,1,0,3,307,1,0,NA,3113
2,1,0.05,0,1,1,3,319,1,0,NA,3113
2,1,0.05,1,2,0,3,309,1,1,1,3114
2,1,0.05,2,2,0,3,312,1,1,1,3114
2,1,0.05,0,2,1,3,303,1,1,1,3114
2,1,0.05,1,2,0,3,316,1,0,NA,3115
2,1,0.05,2,2,0,3,301,1,0,NA,3115
2,1,0.05,0,2,1,3,314,1,0,NA,3115
2,1,0.05,1,2,0,3,321,1,1,1,3116
2,1,0.05,2,2,0,3,315,1,1,1,3116
2,1,0.05,0,2,1,3,302,1,1,1,3116
2,1,0.05,1,1,0,3,305,1,1,1,3117
2,1,0.05,2,1,0,3,317,1,1,1,3117
2,1,0.05,0,1,1,3,318,1,1,1,3117
2,1,0.05,1,2,0,3,314,1,1,1,3121
2,1,0.05,2,2,0,3,305,1,1,1,3121
2,1,0.05,0,2,1,3,308,1,1,1,3121
2,1,0.05,1,2,0,3,319,1,1,1,3122
2,1,0.05,2,2,0,3,310,1,1,1,3122
2,1,0.05,0,2,1,3,307,1,1,1,3122
2,1,0.05,1,2,0,3,302,1,1,0,3123
2,1,0.05,2,2,0,3,309,1,1,0,3123
2,1,0.05,0,2,1,3,301,1,1,0,3123
2,1,0.05,1,1,0,3,303,1,1,1,3124
2,1,0.05,2,1,0,3,311,1,1,1,3124
2,1,0.05,0,1,1,3,315,1,1,1,3124
2,1,0.05,1,1,0,3,318,1,0,NA,3125
2,1,0.05,2,1,0,3,321,1,0,NA,3125
2,1,0.05,0,1,1,3,313,1,0,NA,3125
2,1,0.05,1,1,0,3,320,1,1,1,3126
2,1,0.05,2,1,0,3,316,1,1,1,3126
2,1,0.05,0,1,1,3,312,1,1,1,3126
2,1,0.05,1,2,0,3,306,1,1,1,3127
2,1,0.05,2,2,0,3,304,1,1,1,3127
2,1,0.05,0,2,1,3,317,1,1,1,3127
2,1,0.2,1,1,0,4,409,1,0,NA,4011
2,1,0.2,2,1,0,4,412,1,0,NA,4011
2,1,0.2,0,1,1,4,407,1,0,NA,4011
2,1,0.2,1,1,0,4,418,1,0,NA,4012
2,1,0.2,2,1,0,4,401,1,0,NA,4012
2,1,0.2,0,1,1,4,404,1,0,NA,4012
2,1,0.2,1,2,0,4,402,1,1,1,4013
2,1,0.2,2,2,0,4,417,1,1,1,4013
2,1,0.2,0,2,1,4,411,1,1,1,4013
2,1,0.2,1,1,0,4,403,1,0,NA,4014
2,1,0.2,2,1,0,4,414,1,0,NA,4014
2,1,0.2,0,1,1,4,416,1,0,NA,4014
2,1,0.2,1,1,0,4,406,0,0,NA,4015
2,1,0.2,2,1,0,4,408,0,0,NA,4015
2,1,0.2,0,1,1,4,405,0,0,NA,4015
2,1,0.2,1,2,0,4,415,0,0,NA,4016
2,1,0.2,2,2,0,4,410,0,0,NA,4016
2,1,0.2,0,2,1,4,413,0,0,NA,4016
2,1,0.2,1,1,0,4,416,1,1,1,4021
2,1,0.2,2,1,0,4,415,1,1,1,4021
2,1,0.2,0,1,1,4,417,1,1,1,4021
2,1,0.2,1,2,0,4,407,1,0,NA,4022
2,1,0.2,2,2,0,4,403,1,0,NA,4022
2,1,0.2,0,2,1,4,401,1,0,NA,4022
2,1,0.2,1,1,0,4,405,1,0,NA,4023
2,1,0.2,2,1,0,4,402,1,0,NA,4023
2,1,0.2,0,1,1,4,408,1,0,NA,4023
2,1,0.2,1,2,0,4,411,0,0,NA,4024
2,1,0.2,2,2,0,4,418,0,0,NA,4024
2,1,0.2,0,2,1,4,410,0,0,NA,4024
2,1,0.2,1,2,0,4,413,0,0,NA,4025
2,1,0.2,2,2,0,4,406,0,0,NA,4025
2,1,0.2,0,2,1,4,414,0,0,NA,4025
2,1,0.2,1,2,0,4,404,0,0,NA,4026
2,1,0.2,2,2,0,4,409,0,0,NA,4026
2,1,0.2,0,2,1,4,412,0,0,NA,4026
2,1,0.2,1,2,0,4,414,1,1,0,4031
2,1,0.2,2,2,0,4,404,1,1,0,4031
2,1,0.2,0,2,1,4,406,1,1,0,4031
2,1,0.2,1,2,0,4,408,1,1,1,4032
2,1,0.2,2,2,0,4,411,1,1,1,4032
2,1,0.2,0,2,1,4,409,1,1,1,4032
2,1,0.2,1,2,0,4,412,1,0,NA,4033
2,1,0.2,2,2,0,4,405,1,0,NA,4033
2,1,0.2,0,2,1,4,415,1,0,NA,4033
2,1,0.2,1,1,0,4,401,1,1,1,4034
2,1,0.2,2,1,0,4,413,1,1,1,4034
2,1,0.2,0,1,1,4,403,1,1,1,4034
2,1,0.2,1,2,0,4,417,1,1,1,4035
2,1,0.2,2,2,0,4,416,1,1,1,4035
2,1,0.2,0,2,1,4,418,1,1,1,4035
2,1,0.2,1,2,0,4,410,1,0,NA,4036
2,1,0.2,2,2,0,4,407,1,0,NA,4036
2,1,0.2,0,2,1,4,402,1,0,NA,4036
2,1,0.2,1,2,0,4,406,1,1,1,4041
2,1,0.2,2,2,0,4,412,1,1,1,4041
2,1,0.2,0,2,1,4,405,1,1,1,4041
2,1,0.2,1,1,0,4,418,1,1,1,4042
2,1,0.2,2,1,0,4,408,1,1,1,4042
2,1,0.2,0,1,1,4,413,1,1,1,4042
2,1,0.2,1,1,0,4,409,1,1,1,4043
2,1,0.2,2,1,0,4,414,1,1,1,4043
2,1,0.2,0,1,1,4,407,1,1,1,4043
2,1,0.2,1,1,0,4,415,1,1,1,4044
2,1,0.2,2,1,0,4,417,1,1,1,4044
2,1,0.2,0,1,1,4,411,1,1,1,4044
2,1,0.2,1,1,0,4,403,1,1,1,4045
2,1,0.2,2,1,0,4,410,1,1,1,4045
2,1,0.2,0,1,1,4,416,1,1,1,4045
2,1,0.2,1,1,0,4,402,0,0,NA,4046
2,1,0.2,2,1,0,4,401,0,0,NA,4046
2,1,0.2,0,1,1,4,404,0,0,NA,4046
2,1,0.2,1,1,0,4,407,1,1,1,4051
2,1,0.2,2,1,0,4,402,1,1,1,4051
2,1,0.2,0,1,1,4,401,1,1,1,4051
2,1,0.2,1,1,0,4,411,1,1,1,4052
2,1,0.2,2,1,0,4,406,1,1,1,4052
2,1,0.2,0,1,1,4,408,1,1,1,4052
2,1,0.2,1,2,0,4,404,1,1,1,4053
2,1,0.2,2,2,0,4,418,1,1,1,4053
2,1,0.2,0,2,1,4,412,1,1,1,4053
2,1,0.2,1,1,0,4,416,1,1,1,4054
2,1,0.2,2,1,0,4,409,1,1,1,4054
2,1,0.2,0,1,1,4,414,1,1,1,4054
2,1,0.2,1,2,0,4,413,0,1,1,4055
2,1,0.2,2,2,0,4,415,0,1,1,4055
2,1,0.2,0,2,1,4,417,0,1,1,4055
2,1,0.2,1,1,0,4,405,0,1,1,4056
2,1,0.2,2,1,0,4,403,0,1,1,4056
2,1,0.2,0,1,1,4,410,0,1,1,4056
2,1,0.2,1,2,0,4,412,1,1,0,4061
2,1,0.2,2,2,0,4,404,1,1,0,4061
2,1,0.2,0,2,1,4,406,1,1,0,4061
2,1,0.2,1,2,0,4,410,1,1,1,4062
2,1,0.2,2,2,0,4,407,1,1,1,4062
2,1,0.2,0,2,1,4,402,1,1,1,4062
2,1,0.2,1,1,0,4,401,1,1,1,4063
2,1,0.2,2,1,0,4,411,1,1,1,4063
2,1,0.2,0,1,1,4,418,1,1,1,4063
2,1,0.2,1,2,0,4,408,1,1,1,4064
2,1,0.2,2,2,0,4,416,1,1,1,4064
2,1,0.2,0,2,1,4,415,1,1,1,4064
2,1,0.2,1,2,0,4,417,1,1,1,4065
2,1,0.2,2,2,0,4,405,1,1,1,4065
2,1,0.2,0,2,1,4,409,1,1,1,4065
2,1,0.2,1,2,0,4,414,1,1,1,4066
2,1,0.2,2,2,0,4,413,1,1,1,4066
2,1,0.2,0,2,1,4,403,1,1,1,4066
1,0,0.2,1,1,0,4,418,1,1,1,4071
1,0,0.2,2,1,0,4,401,1,1,1,4071
1,0,0.2,0,1,1,4,413,1,1,1,4071
1,0,0.2,1,1,0,4,415,1,1,1,4072
1,0,0.2,2,1,0,4,408,1,1,1,4072
1,0,0.2,0,1,1,4,407,1,1,1,4072
1,0,0.2,1,1,0,4,406,1,1,1,4073
1,0,0.2,2,1,0,4,414,1,1,1,4073
1,0,0.2,0,1,1,4,411,1,1,1,4073
1,0,0.2,1,2,0,4,403,0,0,NA,4074
1,0,0.2,2,2,0,4,410,0,0,NA,4074
1,0,0.2,0,2,1,4,405,0,0,NA,4074
1,0,0.2,1,1,0,4,409,0,1,1,4075
1,0,0.2,2,1,0,4,417,0,1,1,4075
1,0,0.2,0,1,1,4,404,0,1,1,4075
1,0,0.2,1,1,0,4,402,0,1,1,4076
1,0,0.2,2,1,0,4,412,0,1,1,4076
1,0,0.2,0,1,1,4,416,0,1,1,4076
1,0,0.2,1,1,0,4,405,1,1,0,4081
1,0,0.2,2,1,0,4,418,1,1,0,4081
1,0,0.2,0,1,1,4,401,1,1,0,4081
1,0,0.2,1,2,0,4,411,1,1,1,4082
1,0,0.2,2,2,0,4,402,1,1,1,4082
1,0,0.2,0,2,1,4,408,1,1,1,4082
1,0,0.2,1,2,0,4,407,1,1,1,4083
1,0,0.2,2,2,0,4,409,1,1,1,4083
1,0,0.2,0,2,1,4,417,1,1,1,4083
1,0,0.2,1,1,0,4,404,1,1,1,4084
1,0,0.2,2,1,0,4,403,1,1,1,4084
1,0,0.2,0,1,1,4,410,1,1,1,4084
1,0,0.2,1,2,0,4,416,1,1,1,4085
1,0,0.2,2,2,0,4,406,1,1,1,4085
1,0,0.2,0,2,1,4,414,1,1,1,4085
1,0,0.2,1,2,0,4,413,0,1,1,4086
1,0,0.2,2,2,0,4,415,0,1,1,4086
1,0,0.2,0,2,1,4,412,0,1,1,4086
1,0,0.2,1,1,0,4,414,1,1,1,4091
1,0,0.2,2,1,0,4,411,1,1,1,4091
1,0,0.2,0,1,1,4,409,1,1,1,4091
1,0,0.2,1,2,0,4,408,1,1,1,4092
1,0,0.2,2,2,0,4,405,1,1,1,4092
1,0,0.2,0,2,1,4,415,1,1,1,4092
1,0,0.2,1,2,0,4,417,1,1,0,4093
1,0,0.2,2,2,0,4,413,1,1,0,4093
1,0,0.2,0,2,1,4,403,1,1,0,4093
1,0,0.2,1,2,0,4,410,1,1,1,4094
1,0,0.2,2,2,0,4,404,1,1,1,4094
1,0,0.2,0,2,1,4,402,1,1,1,4094
1,0,0.2,1,1,0,4,401,0,1,1,4095
1,0,0.2,2,1,0,4,416,0,1,1,4095
1,0,0.2,0,1,1,4,406,0,1,1,4095
1,0,0.2,1,1,0,4,412,0,1,1,4096
1,0,0.2,2,1,0,4,407,0,1,1,4096
1,0,0.2,0,1,1,4,418,0,1,1,4096
1,0,0.2,1,1,0,4,406,1,1,0,4101
1,0,0.2,2,1,0,4,408,1,1,0,4101
1,0,0.2,0,1,1,4,413,1,1,0,4101
1,0,0.2,1,2,0,4,402,1,1,0,4102
1,0,0.2,2,2,0,4,414,1,1,0,4102
1,0,0.2,0,2,1,4,407,1,1,0,4102
1,0,0.2,1,2,0,4,409,1,1,1,4103
1,0,0.2,2,2,0,4,410,1,1,1,4103
1,0,0.2,0,2,1,4,416,1,1,1,4103
1,0,0.2,1,2,0,4,418,1,0,NA,4104
1,0,0.2,2,2,0,4,417,1,0,NA,4104
1,0,0.2,0,2,1,4,404,1,0,NA,4104
1,0,0.2,1,1,0,4,403,1,0,NA,4105
1,0,0.2,2,1,0,4,412,1,0,NA,4105
1,0,0.2,0,1,1,4,411,1,0,NA,4105
1,0,0.2,1,2,0,4,415,0,1,1,4106
1,0,0.2,2,2,0,4,401,0,1,1,4106
1,0,0.2,0,2,1,4,405,0,1,1,4106
1,0,0.2,1,1,0,4,411,1,1,0,4111
1,0,0.2,2,1,0,4,402,1,1,0,4111
1,0,0.2,0,1,1,4,401,1,1,0,4111
1,0,0.2,1,1,0,4,416,1,1,1,4112
1,0,0.2,2,1,0,4,409,1,1,1,4112
1,0,0.2,0,1,1,4,412,1,1,1,4112
1,0,0.2,1,1,0,4,405,1,1,1,4113
1,0,0.2,2,1,0,4,415,1,1,1,4113
1,0,0.2,0,1,1,4,410,1,1,1,4113
1,0,0.2,1,2,0,4,407,1,1,0,4114
1,0,0.2,2,2,0,4,418,1,1,0,4114
1,0,0.2,0,2,1,4,414,1,1,0,4114
1,0,0.2,1,2,0,4,413,0,0,NA,4115
1,0,0.2,2,2,0,4,403,0,0,NA,4115
1,0,0.2,0,2,1,4,408,0,0,NA,4115
1,0,0.2,1,1,0,4,404,0,1,1,4116
1,0,0.2,2,1,0,4,406,0,1,1,4116
1,0,0.2,0,1,1,4,417,0,1,1,4116
1,0,0.2,1,2,0,4,408,1,1,0,4121
1,0,0.2,2,2,0,4,405,1,1,0,4121
1,0,0.2,0,2,1,4,409,1,1,0,4121
1,0,0.2,1,2,0,4,410,1,1,0,4122
1,0,0.2,2,2,0,4,404,1,1,0,4122
1,0,0.2,0,2,1,4,403,1,1,0,4122
1,0,0.2,1,1,0,4,412,1,1,0,4123
1,0,0.2,2,1,0,4,416,1,1,0,4123
1,0,0.2,0,1,1,4,406,1,1,0,4123
1,0,0.2,1,1,0,4,417,1,1,0,4124
1,0,0.2,2,1,0,4,413,1,1,0,4124
1,0,0.2,0,1,1,4,402,1,1,0,4124
1,0,0.2,1,2,0,4,401,0,0,NA,4125
1,0,0.2,2,2,0,4,407,0,0,NA,4125
1,0,0.2,0,2,1,4,415,0,0,NA,4125
1,0,0.2,1,1,0,4,414,0,1,1,4126
1,0,0.2,2,1,0,4,411,0,1,1,4126
1,0,0.2,0,1,1,4,418,0,1,1,4126
2,1,0.05,1,1,0,8,818,1,1,1,8011
2,1,0.05,2,1,0,8,817,1,1,1,8011
2,1,0.05,0,1,1,8,814,1,1,1,8011
2,1,0.05,1,2,0,8,804,1,1,0,8012
2,1,0.05,2,2,0,8,806,1,1,0,8012
2,1,0.05,0,2,1,8,808,1,1,0,8012
2,1,0.05,1,2,0,8,819,1,1,1,8013
2,1,0.05,2,2,0,8,815,1,1,1,8013
2,1,0.05,0,2,1,8,805,1,1,1,8013
2,1,0.05,1,1,0,8,802,1,0,NA,8014
2,1,0.05,2,1,0,8,807,1,0,NA,8014
2,1,0.05,0,1,1,8,809,1,0,NA,8014
2,1,0.05,1,1,0,8,820,1,0,NA,8015
2,1,0.05,2,1,0,8,821,1,0,NA,8015
2,1,0.05,0,1,1,8,801,1,0,NA,8015
2,1,0.05,1,2,0,8,811,1,0,NA,8016
2,1,0.05,2,2,0,8,812,1,0,NA,8016
2,1,0.05,0,2,1,8,810,1,0,NA,8016
2,1,0.05,1,1,0,8,803,0,1,1,8017
2,1,0.05,2,1,0,8,813,0,1,1,8017
2,1,0.05,0,1,1,8,816,0,1,1,8017
2,1,0.05,1,1,0,8,805,1,1,1,8021
2,1,0.05,2,1,0,8,818,1,1,1,8021
2,1,0.05,0,1,1,8,821,1,1,1,8021
2,1,0.05,1,2,0,8,816,1,1,1,8022
2,1,0.05,2,2,0,8,819,1,1,1,8022
2,1,0.05,0,2,1,8,806,1,1,1,8022
2,1,0.05,1,2,0,8,808,1,0,NA,8023
2,1,0.05,2,2,0,8,802,1,0,NA,8023
2,1,0.05,0,2,1,8,807,1,0,NA,8023
2,1,0.05,1,1,0,8,810,1,1,1,8024
2,1,0.05,2,1,0,8,804,1,1,1,8024
2,1,0.05,0,1,1,8,817,1,1,1,8024
2,1,0.05,1,1,0,8,814,1,1,1,8025
2,1,0.05,2,1,0,8,803,1,1,1,8025
2,1,0.05,0,1,1,8,812,1,1,1,8025
2,1,0.05,1,2,0,8,801,1,0,NA,8026
2,1,0.05,2,2,0,8,811,1,0,NA,8026
2,1,0.05,0,2,1,8,815,1,0,NA,8026
2,1,0.05,1,1,0,8,809,1,1,1,8027
2,1,0.05,2,1,0,8,820,1,1,1,8027
2,1,0.05,0,1,1,8,813,1,1,1,8027
2,1,0.05,1,2,0,8,817,1,1,1,8031
2,1,0.05,2,2,0,8,816,1,1,1,8031
2,1,0.05,0,2,1,8,819,1,1,1,8031
2,1,0.05,1,2,0,8,807,1,1,1,8032
2,1,0.05,2,2,0,8,814,1,1,1,8032
2,1,0.05,0,2,1,8,811,1,1,1,8032
2,1,0.05,1,1,0,8,821,1,1,0,8033
2,1,0.05,2,1,0,8,805,1,1,0,8033
2,1,0.05,0,1,1,8,802,1,1,0,8033
2,1,0.05,1,2,0,8,812,1,1,0,8034
2,1,0.05,2,2,0,8,810,1,1,0,8034
2,1,0.05,0,2,1,8,804,1,1,0,8034
2,1,0.05,1,2,0,8,815,1,0,NA,8035
2,1,0.05,2,2,0,8,809,1,0,NA,8035
2,1,0.05,0,2,1,8,803,1,0,NA,8035
2,1,0.05,1,1,0,8,813,1,0,NA,8036
2,1,0.05,2,1,0,8,801,1,0,NA,8036
2,1,0.05,0,1,1,8,818,1,0,NA,8036
2,1,0.05,1,1,0,8,806,0,1,1,8037
2,1,0.05,2,1,0,8,808,0,1,1,8037
2,1,0.05,0,1,1,8,820,0,1,1,8037
2,1,0.05,1,2,0,8,802,1,1,1,8041
2,1,0.05,2,2,0,8,813,1,1,1,8041
2,1,0.05,0,2,1,8,814,1,1,1,8041
2,1,0.05,1,2,0,8,820,1,1,1,8042
2,1,0.05,2,2,0,8,815,1,1,1,8042
2,1,0.05,0,2,1,8,808,1,1,1,8042
2,1,0.05,1,1,0,8,803,1,1,1,8043
2,1,0.05,2,1,0,8,812,1,1,1,8043
2,1,0.05,0,1,1,8,801,1,1,1,8043
2,1,0.05,1,2,0,8,804,1,1,1,8044
2,1,0.05,2,2,0,8,821,1,1,1,8044
2,1,0.05,0,2,1,8,809,1,1,1,8044
2,1,0.05,1,1,0,8,811,1,1,1,8045
2,1,0.05,2,1,0,8,806,1,1,1,8045
2,1,0.05,0,1,1,8,805,1,1,1,8045
2,1,0.05,1,2,0,8,818,1,1,1,8046
2,1,0.05,2,2,0,8,817,1,1,1,8046
2,1,0.05,0,2,1,8,810,1,1,1,8046
2,1,0.05,1,2,0,8,819,0,1,1,8047
2,1,0.05,2,2,0,8,807,0,1,1,8047
2,1,0.05,0,2,1,8,816,0,1,1,8047
2,1,0.05,1,2,0,8,816,1,1,1,8051
2,1,0.05,2,2,0,8,819,1,1,1,8051
2,1,0.05,0,2,1,8,821,1,1,1,8051
2,1,0.05,1,2,0,8,814,1,1,1,8052
2,1,0.05,2,2,0,8,820,1,1,1,8052
2,1,0.05,0,2,1,8,812,1,1,1,8052
2,1,0.05,1,2,0,8,810,1,1,1,8053
2,1,0.05,2,2,0,8,802,1,1,1,8053
2,1,0.05,0,2,1,8,813,1,1,1,8053
2,1,0.05,1,1,0,8,808,1,1,1,8054
2,1,0.05,2,1,0,8,811,1,1,1,8054
2,1,0.05,0,1,1,8,817,1,1,1,8054
2,1,0.05,1,2,0,8,801,1,1,1,8055
2,1,0.05,2,2,0,8,803,1,1,1,8055
2,1,0.05,0,2,1,8,815,1,1,1,8055
2,1,0.05,1,2,0,8,809,1,1,1,8056
2,1,0.05,2,2,0,8,804,1,1,1,8056
2,1,0.05,0,2,1,8,806,1,1,1,8056
2,1,0.05,1,2,0,8,805,1,1,0,8057
2,1,0.05,2,2,0,8,818,1,1,0,8057
2,1,0.05,0,2,1,8,807,1,1,0,8057
2,1,0.05,1,2,0,8,812,1,1,1,8061
2,1,0.05,2,2,0,8,810,1,1,1,8061
2,1,0.05,0,2,1,8,811,1,1,1,8061
2,1,0.05,1,1,0,8,817,1,1,1,8062
2,1,0.05,2,1,0,8,805,1,1,1,8062
2,1,0.05,0,1,1,8,820,1,1,1,8062
2,1,0.05,1,1,0,8,815,1,1,1,8063
2,1,0.05,2,1,0,8,809,1,1,1,8063
2,1,0.05,0,1,1,8,818,1,1,1,8063
2,1,0.05,1,2,0,8,806,1,1,1,8064
2,1,0.05,2,2,0,8,816,1,1,1,8064
2,1,0.05,0,2,1,8,803,1,1,1,8064
2,1,0.05,1,2,0,8,807,1,1,1,8065
2,1,0.05,2,2,0,8,808,1,1,1,8065
2,1,0.05,0,2,1,8,804,1,1,1,8065
2,1,0.05,1,1,0,8,813,1,1,1,8066
2,1,0.05,2,1,0,8,814,1,1,1,8066
2,1,0.05,0,1,1,8,819,1,1,1,8066
2,1,0.05,1,1,0,8,821,1,1,1,8067
2,1,0.05,2,1,0,8,801,1,1,1,8067
2,1,0.05,0,1,1,8,802,1,1,1,8067
1,0,0.05,1,2,0,8,819,1,1,1,8071
1,0,0.05,2,2,0,8,813,1,1,1,8071
1,0,0.05,0,2,1,8,816,1,1,1,8071
1,0,0.05,1,1,0,8,818,1,1,1,8072
1,0,0.05,2,1,0,8,817,1,1,1,8072
1,0,0.05,0,1,1,8,808,1,1,1,8072
1,0,0.05,1,1,0,8,803,1,1,1,8073
1,0,0.05,2,1,0,8,821,1,1,1,8073
1,0,0.05,0,1,1,8,809,1,1,1,8073
1,0,0.05,1,2,0,8,804,1,1,1,8074
1,0,0.05,2,2,0,8,807,1,1,1,8074
1,0,0.05,0,2,1,8,805,1,1,1,8074
1,0,0.05,1,2,0,8,811,1,1,1,8075
1,0,0.05,2,2,0,8,812,1,1,1,8075
1,0,0.05,0,2,1,8,801,1,1,1,8075
1,0,0.05,1,1,0,8,802,1,1,1,8076
1,0,0.05,2,1,0,8,806,1,1,1,8076
1,0,0.05,0,1,1,8,814,1,1,1,8076
1,0,0.05,1,2,0,8,820,1,1,1,8077
1,0,0.05,2,2,0,8,815,1,1,1,8077
1,0,0.05,0,2,1,8,810,1,1,1,8077
1,0,0.05,1,2,0,8,805,1,1,1,8081
1,0,0.05,2,2,0,8,811,1,1,1,8081
1,0,0.05,0,2,1,8,821,1,1,1,8081
1,0,0.05,1,2,0,8,809,1,1,1,8082
1,0,0.05,2,2,0,8,802,1,1,1,8082
1,0,0.05,0,2,1,8,807,1,1,1,8082
1,0,0.05,1,1,0,8,814,1,1,1,8083
1,0,0.05,2,1,0,8,818,1,1,1,8083
1,0,0.05,0,1,1,8,813,1,1,1,8083
1,0,0.05,1,2,0,8,801,1,1,1,8084
1,0,0.05,2,2,0,8,803,1,1,1,8084
1,0,0.05,0,2,1,8,812,1,1,1,8084
1,0,0.05,1,2,0,8,810,1,1,1,8085
1,0,0.05,2,2,0,8,819,1,1,1,8085
1,0,0.05,0,2,1,8,815,1,1,1,8085
1,0,0.05,1,2,0,8,808,1,1,1,8086
1,0,0.05,2,2,0,8,804,1,1,1,8086
1,0,0.05,0,2,1,8,817,1,1,1,8086
1,0,0.05,1,1,0,8,816,0,1,1,8087
1,0,0.05,2,1,0,8,820,0,1,1,8087
1,0,0.05,0,1,1,8,806,0,1,1,8087
1,0,0.05,1,2,0,8,817,1,1,1,8091
1,0,0.05,2,2,0,8,805,1,1,1,8091
1,0,0.05,0,2,1,8,818,1,1,1,8091
1,0,0.05,1,2,0,8,807,1,1,1,8092
1,0,0.05,2,2,0,8,814,1,1,1,8092
1,0,0.05,0,2,1,8,819,1,1,1,8092
1,0,0.05,1,2,0,8,813,1,1,1,8093
1,0,0.05,2,2,0,8,808,1,1,1,8093
1,0,0.05,0,2,1,8,820,1,1,1,8093
1,0,0.05,1,1,0,8,815,1,1,1,8094
1,0,0.05,2,1,0,8,809,1,1,1,8094
1,0,0.05,0,1,1,8,804,1,1,1,8094
1,0,0.05,1,1,0,8,821,1,1,1,8095
1,0,0.05,2,1,0,8,801,1,1,1,8095
1,0,0.05,0,1,1,8,803,1,1,1,8095
1,0,0.05,1,2,0,8,806,1,1,1,8096
1,0,0.05,2,2,0,8,810,1,1,1,8096
1,0,0.05,0,2,1,8,802,1,1,1,8096
1,0,0.05,1,1,0,8,812,0,0,NA,8097
1,0,0.05,2,1,0,8,816,0,0,NA,8097
1,0,0.05,0,1,1,8,811,0,0,NA,8097
1,0,0.05,1,1,0,8,819,1,1,1,8101
1,0,0.05,2,1,0,8,807,1,1,1,8101
1,0,0.05,0,1,1,8,810,1,1,1,8101
1,0,0.05,1,2,0,8,803,1,1,1,8102
1,0,0.05,2,2,0,8,806,1,1,1,8102
1,0,0.05,0,2,1,8,805,1,1,1,8102
1,0,0.05,1,1,0,8,802,1,1,1,8103
1,0,0.05,2,1,0,8,815,1,1,1,8103
1,0,0.05,0,1,1,8,814,1,1,1,8103
1,0,0.05,1,2,0,8,818,1,1,0,8104
1,0,0.05,2,2,0,8,821,1,1,0,8104
1,0,0.05,0,2,1,8,808,1,1,0,8104
1,0,0.05,1,1,0,8,820,1,1,1,8105
1,0,0.05,2,1,0,8,817,1,1,1,8105
1,0,0.05,0,1,1,8,801,1,1,1,8105
1,0,0.05,1,2,0,8,804,1,0,NA,8106
1,0,0.05,2,2,0,8,812,1,0,NA,8106
1,0,0.05,0,2,1,8,809,1,0,NA,8106
1,0,0.05,1,2,0,8,811,1,1,0,8107
1,0,0.05,2,2,0,8,813,1,1,0,8107
1,0,0.05,0,2,1,8,816,1,1,0,8107
1,0,0.05,1,2,0,8,814,1,0,NA,8111
1,0,0.05,2,2,0,8,811,1,0,NA,8111
1,0,0.05,0,2,1,8,806,1,0,NA,8111
1,0,0.05,1,2,0,8,808,1,1,1,8112
1,0,0.05,2,2,0,8,804,1,1,1,8112
1,0,0.05,0,2,1,8,815,1,1,1,8112
1,0,0.05,1,2,0,8,805,1,1,0,8113
1,0,0.05,2,2,0,8,803,1,1,0,8113
1,0,0.05,0,2,1,8,821,1,1,0,8113
1,0,0.05,1,1,0,8,809,1,1,0,8114
1,0,0.05,2,1,0,8,820,1,1,0,8114
1,0,0.05,0,1,1,8,812,1,1,0,8114
1,0,0.05,1,1,0,8,816,1,0,NA,8115
1,0,0.05,2,1,0,8,818,1,0,NA,8115
1,0,0.05,0,1,1,8,813,1,0,NA,8115
1,0,0.05,1,2,0,8,801,1,1,0,8116
1,0,0.05,2,2,0,8,819,1,1,0,8116
1,0,0.05,0,2,1,8,817,1,1,0,8116
1,0,0.05,1,1,0,8,810,0,1,0,8117
1,0,0.05,2,1,0,8,802,0,1,0,8117
1,0,0.05,0,1,1,8,807,0,1,0,8117
1,0,0.05,1,2,0,8,806,1,1,1,8121
1,0,0.05,2,2,0,8,810,1,1,1,8121
1,0,0.05,0,2,1,8,818,1,1,1,8121
1,0,0.05,1,2,0,8,807,1,1,1,8122
1,0,0.05,2,2,0,8,816,1,1,1,8122
1,0,0.05,0,2,1,8,804,1,1,1,8122
1,0,0.05,1,2,0,8,812,1,0,NA,8123
1,0,0.05,2,2,0,8,805,1,0,NA,8123
1,0,0.05,0,2,1,8,820,1,0,NA,8123
1,0,0.05,1,1,0,8,821,1,1,1,8124
1,0,0.05,2,1,0,8,814,1,1,1,8124
1,0,0.05,0,1,1,8,802,1,1,1,8124
1,0,0.05,1,2,0,8,817,1,1,0,8125
1,0,0.05,2,2,0,8,801,1,1,0,8125
1,0,0.05,0,2,1,8,803,1,1,0,8125
1,0,0.05,1,2,0,8,815,0,0,NA,8126
1,0,0.05,2,2,0,8,809,0,0,NA,8126
1,0,0.05,0,2,1,8,811,0,0,NA,8126
1,0,0.05,1,2,0,8,813,0,0,NA,8127
1,0,0.05,2,2,0,8,808,0,0,NA,8127
1,0,0.05,0,2,1,8,819,0,0,NA,8127
1,0,0.4,1,1,0,9,907,1,1,0,9011
1,0,0.4,2,1,0,9,909,1,1,0,9011
1,0,0.4,0,1,1,9,906,1,1,0,9011
1,0,0.4,1,2,0,9,911,1,0,NA,9012
1,0,0.4,2,2,0,9,915,1,0,NA,9012
1,0,0.4,0,2,1,9,903,1,0,NA,9012
1,0,0.4,1,1,0,9,912,1,0,NA,9013
1,0,0.4,2,1,0,9,910,1,0,NA,9013
1,0,0.4,0,1,1,9,908,1,0,NA,9013
1,0,0.4,1,2,0,9,914,0,0,NA,9014
1,0,0.4,2,2,0,9,904,0,0,NA,9014
1,0,0.4,0,2,1,9,901,0,0,NA,9014
1,0,0.4,1,2,0,9,902,0,1,1,9015
1,0,0.4,2,2,0,9,913,0,1,1,9015
1,0,0.4,0,2,1,9,905,0,1,1,9015
1,0,0.4,1,2,0,9,906,1,1,1,9021
1,0,0.4,2,2,0,9,907,1,1,1,9021
1,0,0.4,0,2,1,9,909,1,1,1,9021
1,0,0.4,1,2,0,9,901,1,1,1,9022
1,0,0.4,2,2,0,9,914,1,1,1,9022
1,0,0.4,0,2,1,9,915,1,1,1,9022
1,0,0.4,1,2,0,9,905,0,1,1,9023
1,0,0.4,2,2,0,9,911,0,1,1,9023
1,0,0.4,0,2,1,9,904,0,1,1,9023
1,0,0.4,1,1,0,9,903,0,1,1,9024
1,0,0.4,2,1,0,9,912,0,1,1,9024
1,0,0.4,0,1,1,9,910,0,1,1,9024
1,0,0.4,1,2,0,9,908,0,1,1,9025
1,0,0.4,2,2,0,9,902,0,1,1,9025
1,0,0.4,0,2,1,9,913,0,1,1,9025
1,0,0.4,1,1,0,9,915,1,1,1,9031
1,0,0.4,2,1,0,9,906,1,1,1,9031
1,0,0.4,0,1,1,9,907,1,1,1,9031
1,0,0.4,1,2,0,9,904,1,0,NA,9032
1,0,0.4,2,2,0,9,908,1,0,NA,9032
1,0,0.4,0,2,1,9,902,1,0,NA,9032
1,0,0.4,1,2,0,9,910,1,1,1,9033
1,0,0.4,2,2,0,9,903,1,1,1,9033
1,0,0.4,0,2,1,9,914,1,1,1,9033
1,0,0.4,1,1,0,9,909,0,1,1,9034
1,0,0.4,2,1,0,9,905,0,1,1,9034
1,0,0.4,0,1,1,9,912,0,1,1,9034
1,0,0.4,1,2,0,9,913,0,1,1,9035
1,0,0.4,2,2,0,9,901,0,1,1,9035
1,0,0.4,0,2,1,9,911,0,1,1,9035
1,0,0.4,1,2,0,9,902,1,1,0,9041
1,0,0.4,2,2,0,9,913,1,1,0,9041
1,0,0.4,0,2,1,9,901,1,1,0,9041
1,0,0.4,1,2,0,9,914,1,1,1,9042
1,0,0.4,2,2,0,9,915,1,1,1,9042
1,0,0.4,0,2,1,9,906,1,1,1,9042
1,0,0.4,1,2,0,9,911,1,1,1,9043
1,0,0.4,2,2,0,9,904,1,1,1,9043
1,0,0.4,0,2,1,9,908,1,1,1,9043
1,0,0.4,1,1,0,9,912,0,1,1,9044
1,0,0.4,2,1,0,9,910,0,1,1,9044
1,0,0.4,0,1,1,9,905,0,1,1,9044
1,0,0.4,1,1,0,9,907,0,1,1,9045
1,0,0.4,2,1,0,9,909,0,1,1,9045
1,0,0.4,0,1,1,9,903,0,1,1,9045
1,0,0.4,1,1,0,9,905,1,1,1,9051
1,0,0.4,2,1,0,9,911,1,1,1,9051
1,0,0.4,0,1,1,9,910,1,1,1,9051
1,0,0.4,1,2,0,9,903,1,1,1,9052
1,0,0.4,2,2,0,9,907,1,1,1,9052
1,0,0.4,0,2,1,9,904,1,1,1,9052
1,0,0.4,1,2,0,9,908,1,1,1,9053
1,0,0.4,2,2,0,9,914,1,1,1,9053
1,0,0.4,0,2,1,9,909,1,1,1,9053
1,0,0.4,1,2,0,9,901,1,1,1,9054
1,0,0.4,2,2,0,9,902,1,1,1,9054
1,0,0.4,0,2,1,9,913,1,1,1,9054
1,0,0.4,1,2,0,9,906,0,1,1,9055
1,0,0.4,2,2,0,9,912,0,1,1,9055
1,0,0.4,0,2,1,9,915,0,1,1,9055
2,1,0.4,1,2,0,9,913,1,1,1,9071
2,1,0.4,2,2,0,9,903,1,1,1,9071
2,1,0.4,0,2,1,9,904,1,1,1,9071
2,1,0.4,1,2,0,9,901,1,1,1,9072
2,1,0.4,2,2,0,9,909,1,1,1,9072
2,1,0.4,0,2,1,9,906,1,1,1,9072
2,1,0.4,1,2,0,9,907,1,1,1,9073
2,1,0.4,2,2,0,9,905,1,1,1,9073
2,1,0.4,0,2,1,9,914,1,1,1,9073
2,1,0.4,1,2,0,9,908,0,1,1,9074
2,1,0.4,2,2,0,9,912,0,1,1,9074
2,1,0.4,0,2,1,9,910,0,1,1,9074
2,1,0.4,1,1,0,9,911,0,1,1,9075
2,1,0.4,2,1,0,9,902,0,1,1,9075
2,1,0.4,0,1,1,9,915,0,1,1,9075
2,1,0.4,1,1,0,9,904,1,1,1,9081
2,1,0.4,2,1,0,9,908,1,1,1,9081
2,1,0.4,0,1,1,9,912,1,1,1,9081
2,1,0.4,1,2,0,9,914,1,1,1,9082
2,1,0.4,2,2,0,9,913,1,1,1,9082
2,1,0.4,0,2,1,9,903,1,1,1,9082
2,1,0.4,1,1,0,9,910,1,1,0,9083
2,1,0.4,2,1,0,9,907,1,1,0,9083
2,1,0.4,0,1,1,9,905,1,1,0,9083
2,1,0.4,1,2,0,9,915,0,1,1,9084
2,1,0.4,2,2,0,9,901,0,1,1,9084
2,1,0.4,0,2,1,9,902,0,1,1,9084
2,1,0.4,1,2,0,9,906,0,1,1,9085
2,1,0.4,2,2,0,9,911,0,1,1,9085
2,1,0.4,0,2,1,9,909,0,1,1,9085
2,1,0.4,1,2,0,9,912,1,1,1,9091
2,1,0.4,2,2,0,9,906,1,1,1,9091
2,1,0.4,0,2,1,9,901,1,1,1,9091
2,1,0.4,1,2,0,9,903,1,1,1,9092
2,1,0.4,2,2,0,9,915,1,1,1,9092
2,1,0.4,0,2,1,9,911,1,1,1,9092
2,1,0.4,1,2,0,9,905,0,0,NA,9093
2,1,0.4,2,2,0,9,910,0,0,NA,9093
2,1,0.4,0,2,1,9,907,0,0,NA,9093
2,1,0.4,1,1,0,9,909,0,1,1,9094
2,1,0.4,2,1,0,9,914,0,1,1,9094
2,1,0.4,0,1,1,9,913,0,1,1,9094
2,1,0.4,1,1,0,9,902,0,1,1,9095
2,1,0.4,2,1,0,9,904,0,1,1,9095
2,1,0.4,0,1,1,9,908,0,1,1,9095
2,1,0.4,1,1,0,9,901,1,1,1,9101
2,1,0.4,2,1,0,9,902,1,1,1,9101
2,1,0.4,0,1,1,9,904,1,1,1,9101
2,1,0.4,1,1,0,9,913,0,1,1,9102
2,1,0.4,2,1,0,9,909,0,1,1,9102
2,1,0.4,0,1,1,9,910,0,1,1,9102
2,1,0.4,1,1,0,9,908,0,1,1,9103
2,1,0.4,2,1,0,9,905,0,1,1,9103
2,1,0.4,0,1,1,9,914,0,1,1,9103
2,1,0.4,1,1,0,9,911,0,1,1,9104
2,1,0.4,2,1,0,9,903,0,1,1,9104
2,1,0.4,0,1,1,9,906,0,1,1,9104
2,1,0.4,1,1,0,9,907,0,1,1,9105
2,1,0.4,2,1,0,9,912,0,1,1,9105
2,1,0.4,0,1,1,9,915,0,1,1,9105
2,1,0.4,1,1,0,9,910,1,1,1,9111
2,1,0.4,2,1,0,9,908,1,1,1,9111
2,1,0.4,0,1,1,9,909,1,1,1,9111
2,1,0.4,1,2,0,9,914,1,1,1,9112
2,1,0.4,2,2,0,9,901,1,1,1,9112
2,1,0.4,0,2,1,9,902,1,1,1,9112
2,1,0.4,1,1,0,9,906,1,1,1,9113
2,1,0.4,2,1,0,9,911,1,1,1,9113
2,1,0.4,0,1,1,9,905,1,1,1,9113
2,1,0.4,1,2,0,9,915,0,1,1,9114
2,1,0.4,2,2,0,9,907,0,1,1,9114
2,1,0.4,0,2,1,9,912,0,1,1,9114
2,1,0.4,1,2,0,9,904,0,1,1,9115
2,1,0.4,2,2,0,9,913,0,1,1,9115
2,1,0.4,0,2,1,9,903,0,1,1,9115
2,1,0.4,1,2,0,9,912,1,1,1,9121
2,1,0.4,2,2,0,9,914,1,1,1,9121
2,1,0.4,0,2,1,9,908,1,1,1,9121
2,1,0.4,1,1,0,9,905,0,1,1,9122
2,1,0.4,2,1,0,9,910,0,1,1,9122
2,1,0.4,0,1,1,9,901,0,1,1,9122
2,1,0.4,1,2,0,9,902,0,1,1,9123
2,1,0.4,2,2,0,9,915,0,1,1,9123
2,1,0.4,0,2,1,9,907,0,1,1,9123
2,1,0.4,1,2,0,9,909,0,1,1,9124
2,1,0.4,2,2,0,9,906,0,1,1,9124
2,1,0.4,0,2,1,9,911,0,1,1,9124
2,1,0.4,1,2,0,9,903,0,1,1,9125
2,1,0.4,2,2,0,9,904,0,1,1,9125
2,1,0.4,0,2,1,9,913,0,1,1,9125
1,0,0.2,1,2,0,10,1005,1,0,NA,10011
1,0,0.2,2,2,0,10,1014,1,0,NA,10011
1,0,0.2,0,2,1,10,1006,1,0,NA,10011
1,0,0.2,1,2,0,10,1008,1,0,NA,10012
1,0,0.2,2,2,0,10,1002,1,0,NA,10012
1,0,0.2,0,2,1,10,1016,1,0,NA,10012
1,0,0.2,1,2,0,10,1012,1,1,0,10013
1,0,0.2,2,2,0,10,1003,1,1,0,10013
1,0,0.2,0,2,1,10,1018,1,1,0,10013
1,0,0.2,1,1,0,10,1011,1,1,0,10014
1,0,0.2,2,1,0,10,1013,1,1,0,10014
1,0,0.2,0,1,1,10,1015,1,1,0,10014
1,0,0.2,1,1,0,10,1007,1,1,0,10015
1,0,0.2,2,1,0,10,1010,1,1,0,10015
1,0,0.2,0,1,1,10,1017,1,1,0,10015
1,0,0.2,1,2,0,10,1004,0,1,1,10016
1,0,0.2,2,2,0,10,1009,0,1,1,10016
1,0,0.2,0,2,1,10,1001,0,1,1,10016
1,0,0.2,1,2,0,10,1016,1,1,1,10021
1,0,0.2,2,2,0,10,1005,1,1,1,10021
1,0,0.2,0,2,1,10,1013,1,1,1,10021
1,0,0.2,1,1,0,10,1018,1,0,NA,10022
1,0,0.2,2,1,0,10,1007,1,0,NA,10022
1,0,0.2,0,1,1,10,1010,1,0,NA,10022
1,0,0.2,1,1,0,10,1017,1,1,1,10023
1,0,0.2,2,1,0,10,1008,1,1,1,10023
1,0,0.2,0,1,1,10,1009,1,1,1,10023
1,0,0.2,1,2,0,10,1015,1,0,NA,10024
1,0,0.2,2,2,0,10,1011,1,0,NA,10024
1,0,0.2,0,2,1,10,1014,1,0,NA,10024
1,0,0.2,1,2,0,10,1001,1,0,NA,10025
1,0,0.2,2,2,0,10,1012,1,0,NA,10025
1,0,0.2,0,2,1,10,1003,1,0,NA,10025
1,0,0.2,1,1,0,10,1006,1,0,NA,10026
1,0,0.2,2,1,0,10,1004,1,0,NA,10026
1,0,0.2,0,1,1,10,1002,1,0,NA,10026
1,0,0.2,1,2,0,10,1003,1,0,NA,10031
1,0,0.2,2,2,0,10,1006,1,0,NA,10031
1,0,0.2,0,2,1,10,1004,1,0,NA,10031
1,0,0.2,1,2,0,10,1013,1,1,1,10032
1,0,0.2,2,2,0,10,1017,1,1,1,10032
1,0,0.2,0,2,1,10,1011,1,1,1,10032
1,0,0.2,1,1,0,10,1002,1,0,NA,10033
1,0,0.2,2,1,0,10,1001,1,0,NA,10033
1,0,0.2,0,1,1,10,1005,1,0,NA,10033
1,0,0.2,1,2,0,10,1010,1,0,NA,10034
1,0,0.2,2,2,0,10,1018,1,0,NA,10034
1,0,0.2,0,2,1,10,1008,1,0,NA,10034
1,0,0.2,1,2,0,10,1009,1,0,NA,10035
1,0,0.2,2,2,0,10,1015,1,0,NA,10035
1,0,0.2,0,2,1,10,1012,1,0,NA,10035
1,0,0.2,1,1,0,10,1014,1,0,NA,10036
1,0,0.2,2,1,0,10,1016,1,0,NA,10036
1,0,0.2,0,1,1,10,1007,1,0,NA,10036
1,0,0.2,1,1,0,10,1008,1,0,NA,10041
1,0,0.2,2,1,0,10,1013,1,0,NA,10041
1,0,0.2,0,1,1,10,1017,1,0,NA,10041
1,0,0.2,1,1,0,10,1011,1,1,0,10042
1,0,0.2,2,1,0,10,1003,1,1,0,10042
1,0,0.2,0,1,1,10,1015,1,1,0,10042
1,0,0.2,1,2,0,10,1007,1,0,NA,10043
1,0,0.2,2,2,0,10,1002,1,0,NA,10043
1,0,0.2,0,2,1,10,1016,1,0,NA,10043
1,0,0.2,1,2,0,10,1004,1,1,1,10044
1,0,0.2,2,2,0,10,1014,1,1,1,10044
1,0,0.2,0,2,1,10,1001,1,1,1,10044
1,0,0.2,1,1,0,10,1005,1,1,0,10045
1,0,0.2,2,1,0,10,1010,1,1,0,10045
1,0,0.2,0,1,1,10,1006,1,1,0,10045
1,0,0.2,1,2,0,10,1012,0,1,1,10046
1,0,0.2,2,2,0,10,1009,0,1,1,10046
1,0,0.2,0,2,1,10,1018,0,1,1,10046
1,0,0.2,1,2,0,10,1017,1,0,NA,10051
1,0,0.2,2,2,0,10,1012,1,0,NA,10051
1,0,0.2,0,2,1,10,1002,1,0,NA,10051
1,0,0.2,1,2,0,10,1006,1,1,0,10052
1,0,0.2,2,2,0,10,1011,1,1,0,10052
1,0,0.2,0,2,1,10,1003,1,1,0,10052
1,0,0.2,1,1,0,10,1015,1,0,NA,10053
1,0,0.2,2,1,0,10,1005,1,0,NA,10053
1,0,0.2,0,1,1,10,1010,1,0,NA,10053
1,0,0.2,1,1,0,10,1016,1,1,1,10054
1,0,0.2,2,1,0,10,1008,1,1,1,10054
1,0,0.2,0,1,1,10,1013,1,1,1,10054
1,0,0.2,1,1,0,10,1001,1,1,1,10055
1,0,0.2,2,1,0,10,1004,1,1,1,10055
1,0,0.2,0,1,1,10,1014,1,1,1,10055
1,0,0.2,1,2,0,10,1018,1,0,NA,10056
1,0,0.2,2,2,0,10,1007,1,0,NA,10056
1,0,0.2,0,2,1,10,1009,1,0,NA,10056
1,0,0.2,1,1,0,10,1010,1,1,0,10061
1,0,0.2,2,1,0,10,1018,1,1,0,10061
1,0,0.2,0,1,1,10,1007,1,1,0,10061
1,0,0.2,1,2,0,10,1002,1,0,NA,10062
1,0,0.2,2,2,0,10,1015,1,0,NA,10062
1,0,0.2,0,2,1,10,1012,1,0,NA,10062
1,0,0.2,1,1,0,10,1009,1,1,1,10063
1,0,0.2,2,1,0,10,1017,1,1,1,10063
1,0,0.2,0,1,1,10,1005,1,1,1,10063
1,0,0.2,1,1,0,10,1003,1,0,NA,10064
1,0,0.2,2,1,0,10,1001,1,0,NA,10064
1,0,0.2,0,1,1,10,1004,1,0,NA,10064
1,0,0.2,1,1,0,10,1014,0,0,NA,10065
1,0,0.2,2,1,0,10,1016,0,0,NA,10065
1,0,0.2,0,1,1,10,1008,0,0,NA,10065
1,0,0.2,1,2,0,10,1013,0,0,NA,10066
1,0,0.2,2,2,0,10,1006,0,0,NA,10066
1,0,0.2,0,2,1,10,1011,0,0,NA,10066
2,1,0.2,1,1,0,10,1012,1,0,NA,10071
2,1,0.2,2,1,0,10,1009,1,0,NA,10071
2,1,0.2,0,1,1,10,1006,1,0,NA,10071
2,1,0.2,1,2,0,10,1004,1,0,NA,10072
2,1,0.2,2,2,0,10,1003,1,0,NA,10072
2,1,0.2,0,2,1,10,1001,1,0,NA,10072
2,1,0.2,1,2,0,10,1005,1,1,0,10073
2,1,0.2,2,2,0,10,1002,1,1,0,10073
2,1,0.2,0,2,1,10,1018,1,1,0,10073
2,1,0.2,1,2,0,10,1007,1,1,1,10074
2,1,0.2,2,2,0,10,1013,1,1,1,10074
2,1,0.2,0,2,1,10,1017,1,1,1,10074
2,1,0.2,1,1,0,10,1008,1,0,NA,10075
2,1,0.2,2,1,0,10,1014,1,0,NA,10075
2,1,0.2,0,1,1,10,1015,1,0,NA,10075
2,1,0.2,1,2,0,10,1011,0,0,NA,10076
2,1,0.2,2,2,0,10,1010,0,0,NA,10076
2,1,0.2,0,2,1,10,1016,0,0,NA,10076
2,1,0.2,1,1,0,10,1001,1,1,0,10081
2,1,0.2,2,1,0,10,1007,1,1,0,10081
2,1,0.2,0,1,1,10,1014,1,1,0,10081
2,1,0.2,1,1,0,10,1006,1,0,NA,10082
2,1,0.2,2,1,0,10,1004,1,0,NA,10082
2,1,0.2,0,1,1,10,1009,1,0,NA,10082
2,1,0.2,1,2,0,10,1016,1,0,NA,10083
2,1,0.2,2,2,0,10,1012,1,0,NA,10083
2,1,0.2,0,2,1,10,1013,1,0,NA,10083
2,1,0.2,1,1,0,10,1017,1,1,1,10084
2,1,0.2,2,1,0,10,1005,1,1,1,10084
2,1,0.2,0,1,1,10,1010,1,1,1,10084
2,1,0.2,1,2,0,10,1015,1,1,1,10085
2,1,0.2,2,2,0,10,1008,1,1,1,10085
2,1,0.2,0,2,1,10,1003,1,1,1,10085
2,1,0.2,1,2,0,10,1018,0,0,NA,10086
2,1,0.2,2,2,0,10,1011,0,0,NA,10086
2,1,0.2,0,2,1,10,1002,0,0,NA,10086
2,1,0.2,1,1,0,10,1003,1,1,1,10091
2,1,0.2,2,1,0,10,1017,1,1,1,10091
2,1,0.2,0,1,1,10,1007,1,1,1,10091
2,1,0.2,1,2,0,10,1013,1,1,1,10092
2,1,0.2,2,2,0,10,1001,1,1,1,10092
2,1,0.2,0,2,1,10,1011,1,1,1,10092
2,1,0.2,1,1,0,10,1014,1,0,NA,10093
2,1,0.2,2,1,0,10,1006,1,0,NA,10093
2,1,0.2,0,1,1,10,1008,1,0,NA,10093
2,1,0.2,1,1,0,10,1010,1,1,1,10094
2,1,0.2,2,1,0,10,1015,1,1,1,10094
2,1,0.2,0,1,1,10,1005,1,1,1,10094
2,1,0.2,1,1,0,10,1002,1,0,NA,10095
2,1,0.2,2,1,0,10,1016,1,0,NA,10095
2,1,0.2,0,1,1,10,1004,1,0,NA,10095
2,1,0.2,1,1,0,10,1009,0,1,1,10096
2,1,0.2,2,1,0,10,1018,0,1,1,10096
2,1,0.2,0,1,1,10,1012,0,1,1,10096
2,1,0.2,1,2,0,10,1011,1,1,1,10101
2,1,0.2,2,2,0,10,1009,1,1,1,10101
2,1,0.2,0,2,1,10,1001,1,1,1,10101
2,1,0.2,1,2,0,10,1012,1,1,1,10102
2,1,0.2,2,2,0,10,1013,1,1,1,10102
2,1,0.2,0,2,1,10,1015,1,1,1,10102
2,1,0.2,1,2,0,10,1007,1,1,1,10103
2,1,0.2,2,2,0,10,1002,1,1,1,10103
2,1,0.2,0,2,1,10,1016,1,1,1,10103
2,1,0.2,1,2,0,10,1008,1,1,1,10104
2,1,0.2,2,2,0,10,1003,1,1,1,10104
2,1,0.2,0,2,1,10,1006,1,1,1,10104
2,1,0.2,1,2,0,10,1005,1,0,NA,10105
2,1,0.2,2,2,0,10,1014,1,0,NA,10105
2,1,0.2,0,2,1,10,1018,1,0,NA,10105
2,1,0.2,1,2,0,10,1004,0,1,1,10106
2,1,0.2,2,2,0,10,1010,0,1,1,10106
2,1,0.2,0,2,1,10,1017,0,1,1,10106
2,1,0.2,1,1,0,10,1016,1,1,1,10111
2,1,0.2,2,1,0,10,1012,1,1,1,10111
2,1,0.2,0,1,1,10,1002,1,1,1,10111
2,1,0.2,1,2,0,10,1006,1,1,1,10112
2,1,0.2,2,2,0,10,1011,1,1,1,10112
2,1,0.2,0,2,1,10,1010,1,1,1,10112
2,1,0.2,1,1,0,10,1017,1,1,1,10113
2,1,0.2,2,1,0,10,1004,1,1,1,10113
2,1,0.2,0,1,1,10,1014,1,1,1,10113
2,1,0.2,1,2,0,10,1001,1,1,1,10114
2,1,0.2,2,2,0,10,1007,1,1,1,10114
2,1,0.2,0,2,1,10,1003,1,1,1,10114
2,1,0.2,1,2,0,10,1015,1,1,1,10115
2,1,0.2,2,2,0,10,1005,1,1,1,10115
2,1,0.2,0,2,1,10,1009,1,1,1,10115
2,1,0.2,1,2,0,10,1018,1,1,1,10116
2,1,0.2,2,2,0,10,1008,1,1,1,10116
2,1,0.2,0,2,1,10,1013,1,1,1,10116
2,1,0.2,1,1,0,10,1003,1,1,1,10121
2,1,0.2,2,1,0,10,1018,1,1,1,10121
2,1,0.2,0,1,1,10,1007,1,1,1,10121
2,1,0.2,1,1,0,10,1010,1,1,1,10122
2,1,0.2,2,1,0,10,1016,1,1,1,10122
2,1,0.2,0,1,1,10,1011,1,1,1,10122
2,1,0.2,1,1,0,10,1009,1,1,0,10123
2,1,0.2,2,1,0,10,1001,1,1,0,10123
2,1,0.2,0,1,1,10,1012,1,1,0,10123
2,1,0.2,1,1,0,10,1002,1,1,1,10124
2,1,0.2,2,1,0,10,1017,1,1,1,10124
2,1,0.2,0,1,1,10,1008,1,1,1,10124
2,1,0.2,1,1,0,10,1013,1,1,1,10125
2,1,0.2,2,1,0,10,1015,1,1,1,10125
2,1,0.2,0,1,1,10,1005,1,1,1,10125
2,1,0.2,1,1,0,10,1014,1,1,1,10126
2,1,0.2,2,1,0,10,1006,1,1,1,10126
2,1,0.2,0,1,1,10,1004,1,1,1,10126
2,1,0.4,1,1,0,18,1813,1,0,NA,18011
2,1,0.4,2,1,0,18,1812,1,0,NA,18011
2,1,0.4,0,1,1,18,1807,1,0,NA,18011
2,1,0.4,1,1,0,18,1811,1,1,1,18012
2,1,0.4,2,1,0,18,1809,1,1,1,18012
2,1,0.4,0,1,1,18,1821,1,1,1,18012
2,1,0.4,1,1,0,18,1803,1,1,1,18013
2,1,0.4,2,1,0,18,1804,1,1,1,18013
2,1,0.4,0,1,1,18,1819,1,1,1,18013
2,1,0.4,1,1,0,18,1802,0,1,1,18014
2,1,0.4,2,1,0,18,1810,0,1,1,18014
2,1,0.4,0,1,1,18,1815,0,1,1,18014
2,1,0.4,1,2,0,18,1816,0,1,1,18015
2,1,0.4,2,2,0,18,1818,0,1,1,18015
2,1,0.4,0,2,1,18,1820,0,1,1,18015
2,1,0.4,1,1,0,18,1808,0,1,1,18016
2,1,0.4,2,1,0,18,1814,0,1,1,18016
2,1,0.4,0,1,1,18,1806,0,1,1,18016
2,1,0.4,1,1,0,18,1805,0,1,1,18017
2,1,0.4,2,1,0,18,1817,0,1,1,18017
2,1,0.4,0,1,1,18,1801,0,1,1,18017
2,1,0.4,1,1,0,18,1807,1,1,1,18021
2,1,0.4,2,1,0,18,1816,1,1,1,18021
2,1,0.4,0,1,1,18,1804,1,1,1,18021
2,1,0.4,1,2,0,18,1806,1,1,0,18022
2,1,0.4,2,2,0,18,1811,1,1,0,18022
2,1,0.4,0,2,1,18,1814,1,1,0,18022
2,1,0.4,1,2,0,18,1819,1,1,0,18023
2,1,0.4,2,2,0,18,1802,1,1,0,18023
2,1,0.4,0,2,1,18,1817,1,1,0,18023
2,1,0.4,1,2,0,18,1821,1,1,1,18024
2,1,0.4,2,2,0,18,1803,1,1,1,18024
2,1,0.4,0,2,1,18,1812,1,1,1,18024
2,1,0.4,1,1,0,18,1801,1,1,1,18025
2,1,0.4,2,1,0,18,1813,1,1,1,18025
2,1,0.4,0,1,1,18,1810,1,1,1,18025
2,1,0.4,1,2,0,18,1815,0,1,1,18026
2,1,0.4,2,2,0,18,1805,0,1,1,18026
2,1,0.4,0,2,1,18,1818,0,1,1,18026
2,1,0.4,1,2,0,18,1820,0,1,1,18027
2,1,0.4,2,2,0,18,1808,0,1,1,18027
2,1,0.4,0,2,1,18,1809,0,1,1,18027
2,1,0.4,1,1,0,18,1810,1,1,1,18031
2,1,0.4,2,1,0,18,1815,1,1,1,18031
2,1,0.4,0,1,1,18,1805,1,1,1,18031
2,1,0.4,1,1,0,18,1814,1,1,0,18032
2,1,0.4,2,1,0,18,1820,1,1,0,18032
2,1,0.4,0,1,1,18,1808,1,1,0,18032
2,1,0.4,1,2,0,18,1817,1,1,0,18033
2,1,0.4,2,2,0,18,1806,1,1,0,18033
2,1,0.4,0,2,1,18,1816,1,1,0,18033
2,1,0.4,1,2,0,18,1818,0,1,1,18034
2,1,0.4,2,2,0,18,1821,0,1,1,18034
2,1,0.4,0,2,1,18,1803,0,1,1,18034
2,1,0.4,1,1,0,18,1809,0,1,1,18035
2,1,0.4,2,1,0,18,1807,0,1,1,18035
2,1,0.4,0,1,1,18,1802,0,1,1,18035
2,1,0.4,1,1,0,18,1804,0,1,1,18036
2,1,0.4,2,1,0,18,1801,0,1,1,18036
2,1,0.4,0,1,1,18,1811,0,1,1,18036
2,1,0.4,1,2,0,18,1812,0,1,1,18037
2,1,0.4,2,2,0,18,1819,0,1,1,18037
2,1,0.4,0,2,1,18,1813,0,1,1,18037
2,1,0.4,1,2,0,18,1805,1,1,1,18041
2,1,0.4,2,2,0,18,1814,1,1,1,18041
2,1,0.4,0,2,1,18,1819,1,1,1,18041
2,1,0.4,1,1,0,18,1816,1,1,1,18042
2,1,0.4,2,1,0,18,1809,1,1,1,18042
2,1,0.4,0,1,1,18,1821,1,1,1,18042
2,1,0.4,1,1,0,18,1813,0,1,1,18043
2,1,0.4,2,1,0,18,1812,0,1,1,18043
2,1,0.4,0,1,1,18,1820,0,1,1,18043
2,1,0.4,1,2,0,18,1811,0,1,1,18044
2,1,0.4,2,2,0,18,1818,0,1,1,18044
2,1,0.4,0,2,1,18,1806,0,1,1,18044
2,1,0.4,1,2,0,18,1802,0,1,1,18045
2,1,0.4,2,2,0,18,1817,0,1,1,18045
2,1,0.4,0,2,1,18,1807,0,1,1,18045
2,1,0.4,1,2,0,18,1808,0,1,1,18046
2,1,0.4,2,2,0,18,1804,0,1,1,18046
2,1,0.4,0,2,1,18,1801,0,1,1,18046
2,1,0.4,1,1,0,18,1803,0,1,1,18047
2,1,0.4,2,1,0,18,1810,0,1,1,18047
2,1,0.4,0,1,1,18,1815,0,1,1,18047
2,1,0.4,1,2,0,18,1820,1,1,1,18051
2,1,0.4,2,2,0,18,1805,1,1,1,18051
2,1,0.4,0,2,1,18,1812,1,1,1,18051
2,1,0.4,1,1,0,18,1815,1,1,1,18052
2,1,0.4,2,1,0,18,1811,1,1,1,18052
2,1,0.4,0,1,1,18,1804,1,1,1,18052
2,1,0.4,1,2,0,18,1821,1,1,1,18053
2,1,0.4,2,2,0,18,1803,1,1,1,18053
2,1,0.4,0,2,1,18,1810,1,1,1,18053
2,1,0.4,1,1,0,18,1801,1,1,1,18054
2,1,0.4,2,1,0,18,1813,1,1,1,18054
2,1,0.4,0,1,1,18,1809,1,1,1,18054
2,1,0.4,1,1,0,18,1807,0,1,1,18055
2,1,0.4,2,1,0,18,1808,0,1,1,18055
2,1,0.4,0,1,1,18,1817,0,1,1,18055
2,1,0.4,1,2,0,18,1806,0,1,1,18056
2,1,0.4,2,2,0,18,1802,0,1,1,18056
2,1,0.4,0,2,1,18,1814,0,1,1,18056
2,1,0.4,1,2,0,18,1819,0,1,1,18057
2,1,0.4,2,2,0,18,1816,0,1,1,18057
2,1,0.4,0,2,1,18,1818,0,1,1,18057
2,1,0.4,1,1,0,18,1814,1,1,1,18061
2,1,0.4,2,1,0,18,1815,1,1,1,18061
2,1,0.4,0,1,1,18,1803,1,1,1,18061
2,1,0.4,1,1,0,18,1810,1,1,1,18062
2,1,0.4,2,1,0,18,1821,1,1,1,18062
2,1,0.4,0,1,1,18,1813,1,1,1,18062
2,1,0.4,1,1,0,18,1809,1,1,1,18063
2,1,0.4,2,1,0,18,1819,1,1,1,18063
2,1,0.4,0,1,1,18,1816,1,1,1,18063
2,1,0.4,1,1,0,18,1818,0,1,1,18064
2,1,0.4,2,1,0,18,1806,0,1,1,18064
2,1,0.4,0,1,1,18,1808,0,1,1,18064
2,1,0.4,1,1,0,18,1812,0,1,1,18065
2,1,0.4,2,1,0,18,1807,0,1,1,18065
2,1,0.4,0,1,1,18,1802,0,1,1,18065
2,1,0.4,1,2,0,18,1804,0,1,1,18066
2,1,0.4,2,2,0,18,1820,0,1,1,18066
2,1,0.4,0,2,1,18,1805,0,1,1,18066
2,1,0.4,1,1,0,18,1817,0,0,NA,18067
2,1,0.4,2,1,0,18,1801,0,0,NA,18067
2,1,0.4,0,1,1,18,1811,0,0,NA,18067
1,0,0.4,1,1,0,18,1813,1,1,1,18071
1,0,0.4,2,1,0,18,1818,1,1,1,18071
1,0,0.4,0,1,1,18,1807,1,1,1,18071
1,0,0.4,1,2,0,18,1805,0,1,1,18072
1,0,0.4,2,2,0,18,1810,0,1,1,18072
1,0,0.4,0,2,1,18,1819,0,1,1,18072
1,0,0.4,1,1,0,18,1802,0,1,1,18073
1,0,0.4,2,1,0,18,1814,0,1,1,18073
1,0,0.4,0,1,1,18,1801,0,1,1,18073
1,0,0.4,1,1,0,18,1816,0,1,1,18074
1,0,0.4,2,1,0,18,1804,0,1,1,18074
1,0,0.4,0,1,1,18,1821,0,1,1,18074
1,0,0.4,1,2,0,18,1803,0,1,1,18075
1,0,0.4,2,2,0,18,1809,0,1,1,18075
1,0,0.4,0,2,1,18,1820,0,1,1,18075
1,0,0.4,1,2,0,18,1808,0,1,1,18076
1,0,0.4,2,2,0,18,1812,0,1,1,18076
1,0,0.4,0,2,1,18,1815,0,1,1,18076
1,0,0.4,1,1,0,18,1811,0,1,1,18077
1,0,0.4,2,1,0,18,1817,0,1,1,18077
1,0,0.4,0,1,1,18,1806,0,1,1,18077
1,0,0.4,1,1,0,18,1806,1,1,1,18081
1,0,0.4,2,1,0,18,1813,1,1,1,18081
1,0,0.4,0,1,1,18,1809,1,1,1,18081
1,0,0.4,1,1,0,18,1821,1,1,1,18082
1,0,0.4,2,1,0,18,1816,1,1,1,18082
1,0,0.4,0,1,1,18,1810,1,1,1,18082
1,0,0.4,1,2,0,18,1819,1,1,0,18083
1,0,0.4,2,2,0,18,1808,1,1,0,18083
1,0,0.4,0,2,1,18,1817,1,1,0,18083
1,0,0.4,1,2,0,18,1807,1,1,1,18084
1,0,0.4,2,2,0,18,1805,1,1,1,18084
1,0,0.4,0,2,1,18,1818,1,1,1,18084
1,0,0.4,1,2,0,18,1820,0,1,1,18085
1,0,0.4,2,2,0,18,1803,0,1,1,18085
1,0,0.4,0,2,1,18,1814,0,1,1,18085
1,0,0.4,1,1,0,18,1801,0,1,1,18086
1,0,0.4,2,1,0,18,1802,0,1,1,18086
1,0,0.4,0,1,1,18,1804,0,1,1,18086
1,0,0.4,1,2,0,18,1815,0,1,1,18087
1,0,0.4,2,2,0,18,1811,0,1,1,18087
1,0,0.4,0,2,1,18,1812,0,1,1,18087
1,0,0.4,1,1,0,18,1814,1,1,1,18091
1,0,0.4,2,1,0,18,1807,1,1,1,18091
1,0,0.4,0,1,1,18,1811,1,1,1,18091
1,0,0.4,1,1,0,18,1817,1,1,1,18092
1,0,0.4,2,1,0,18,1820,1,1,1,18092
1,0,0.4,0,1,1,18,1813,1,1,1,18092
1,0,0.4,1,1,0,18,1812,1,1,1,18093
1,0,0.4,2,1,0,18,1801,1,1,1,18093
1,0,0.4,0,1,1,18,1803,1,1,1,18093
1,0,0.4,1,2,0,18,1810,0,1,1,18094
1,0,0.4,2,2,0,18,1815,0,1,1,18094
1,0,0.4,0,2,1,18,1808,0,1,1,18094
1,0,0.4,1,2,0,18,1818,0,1,1,18095
1,0,0.4,2,2,0,18,1806,0,1,1,18095
1,0,0.4,0,2,1,18,1816,0,1,1,18095
1,0,0.4,1,1,0,18,1804,0,1,1,18096
1,0,0.4,2,1,0,18,1819,0,1,1,18096
1,0,0.4,0,1,1,18,1802,0,1,1,18096
1,0,0.4,1,2,0,18,1809,0,1,1,18097
1,0,0.4,2,2,0,18,1821,0,1,1,18097
1,0,0.4,0,2,1,18,1805,0,1,1,18097
1,0,0.4,1,2,0,18,1805,1,1,1,18101
1,0,0.4,2,2,0,18,1809,1,1,1,18101
1,0,0.4,0,2,1,18,1806,1,1,1,18101
1,0,0.4,1,2,0,18,1802,1,1,0,18102
1,0,0.4,2,2,0,18,1818,1,1,0,18102
1,0,0.4,0,2,1,18,1801,1,1,0,18102
1,0,0.4,1,2,0,18,1816,1,1,1,18103
1,0,0.4,2,2,0,18,1804,1,1,1,18103
1,0,0.4,0,2,1,18,1820,1,1,1,18103
1,0,0.4,1,1,0,18,1811,0,1,1,18104
1,0,0.4,2,1,0,18,1812,0,1,1,18104
1,0,0.4,0,1,1,18,1815,0,1,1,18104
1,0,0.4,1,2,0,18,1803,0,1,1,18105
1,0,0.4,2,2,0,18,1810,0,1,1,18105
1,0,0.4,0,2,1,18,1821,0,1,1,18105
1,0,0.4,1,2,0,18,1813,0,1,1,18106
1,0,0.4,2,2,0,18,1814,0,1,1,18106
1,0,0.4,0,2,1,18,1807,0,1,1,18106
1,0,0.4,1,2,0,18,1808,0,1,1,18107
1,0,0.4,2,2,0,18,1817,0,1,1,18107
1,0,0.4,0,2,1,18,1819,0,1,1,18107
1,0,0.4,1,2,0,18,1807,1,1,0,18111
1,0,0.4,2,2,0,18,1813,1,1,0,18111
1,0,0.4,0,2,1,18,1817,1,1,0,18111
1,0,0.4,1,1,0,18,1815,1,1,1,18112
1,0,0.4,2,1,0,18,1803,1,1,1,18112
1,0,0.4,0,1,1,18,1804,1,1,1,18112
1,0,0.4,1,2,0,18,1820,1,1,1,18113
1,0,0.4,2,2,0,18,1805,1,1,1,18113
1,0,0.4,0,2,1,18,1809,1,1,1,18113
1,0,0.4,1,2,0,18,1806,1,1,1,18114
1,0,0.4,2,2,0,18,1811,1,1,1,18114
1,0,0.4,0,2,1,18,1814,1,1,1,18114
1,0,0.4,1,2,0,18,1801,1,1,0,18115
1,0,0.4,2,2,0,18,1816,1,1,0,18115
1,0,0.4,0,2,1,18,1812,1,1,0,18115
1,0,0.4,1,1,0,18,1819,1,1,1,18116
1,0,0.4,2,1,0,18,1802,1,1,1,18116
1,0,0.4,0,1,1,18,1818,1,1,1,18116
1,0,0.4,1,2,0,18,1821,0,1,1,18117
1,0,0.4,2,2,0,18,1808,0,1,1,18117
1,0,0.4,0,2,1,18,1810,0,1,1,18117
1,0,0.4,1,2,0,18,1812,1,1,1,18121
1,0,0.4,2,2,0,18,1806,1,1,1,18121
1,0,0.4,0,2,1,18,1803,1,1,1,18121
1,0,0.4,1,2,0,18,1814,1,1,1,18122
1,0,0.4,2,2,0,18,1820,1,1,1,18122
1,0,0.4,0,2,1,18,1816,1,1,1,18122
1,0,0.4,1,2,0,18,1818,1,1,1,18123
1,0,0.4,2,2,0,18,1819,1,1,1,18123
1,0,0.4,0,2,1,18,1813,1,1,1,18123
1,0,0.4,1,2,0,18,1804,1,1,0,18124
1,0,0.4,2,2,0,18,1807,1,1,0,18124
1,0,0.4,0,2,1,18,1805,1,1,0,18124
1,0,0.4,1,2,0,18,1817,1,1,1,18125
1,0,0.4,2,2,0,18,1815,1,1,1,18125
1,0,0.4,0,2,1,18,1811,1,1,1,18125
1,0,0.4,1,2,0,18,1810,0,1,1,18126
1,0,0.4,2,2,0,18,1821,0,1,1,18126
1,0,0.4,0,2,1,18,1802,0,1,1,18126
1,0,0.4,1,2,0,18,1809,0,1,1,18127
1,0,0.4,2,2,0,18,1801,0,1,1,18127
1,0,0.4,0,2,1,18,1808,0,1,1,18127
